<retEnviNFe versao="3.10" xmlns="http://www.portalfiscal.inf.br/nfe"><tpAmb>2</tpAmb><verAplic>SVRS201508310825</verAplic><cStat>104</cStat><xMotivo>Lote processado</xMotivo><cUF>11</cUF><dhRecbto>2015-09-30T10:25:11-04:00</dhRecbto><protNFe versao="3.10"><infProt><tpAmb>2</tpAmb><verAplic>SVRS201508310825</verAplic><chNFe>11150904082624000156550010008556171047386770</chNFe><dhRecbto>2015-09-30T10:25:11-04:00</dhRecbto><nProt>311150000030551</nProt><digVal>lV0Q6z7xa5/fOqYnU+OgOqxrLk4=</digVal><cStat>100</cStat><xMotivo>Autorizado o uso da NF-e</xMotivo></infProt></protNFe></retEnviNFe>
