<?xml version="1.0"?>
<envEvento xmlns="http://www.portalfiscal.inf.br/nfe" versao="1.00"><idLote>123456789012345</idLote><evento versao="1.00"><infEvento Id="ID1101113513054491496800010755005000028100100012863201"><cOrgao>90</cOrgao><tpAmb>2</tpAmb><CNPJ>34261131000144</CNPJ><chNFe>35130544914968000107550050000281001000128632</chNFe><dhEvento>2012-05-01T18:00:00-03:00</dhEvento><tpEvento>110110</tpEvento><nSeqEvento>1</nSeqEvento><verEvento>1</verEvento><detEvento versao="1.00"><descEvento>Cancelamento</descEvento><nProt>135130282378686</nProt><xJust>FALHA DE PROCESSAMENTO INTERNO</xJust></detEvento></infEvento></evento></envEvento>
