<?xml version="1.0" encoding="utf-8"?>
<soap12:Envelope xmlns:xsi="http://www.w3.org/2001/XMLSchema-instance" xmlns:xsd="http://www.w3.org/2001/XMLSchema" xmlns:soap12="http://www.w3.org/2003/05/soap-envelope"><soap12:Header><nfeCabecMsg xmlns="http://www.portalfiscal.inf.br/nfe/wsdl/NfeStatusServico2"><cUF>15</cUF><versaoDados></versaoDados></nfeCabecMsg></soap12:Header><soap12:Body><nfeDadosMsg xmlns="http://www.portalfiscal.inf.br/nfe/wsdl/NfeStatusServico2"></nfeDadosMsg></soap12:Body></soap12:Envelope>
<?xml version="1.0" encoding="utf-8"?><soap:Envelope xmlns:soap="http://www.w3.org/2003/05/soap-envelope" xmlns:xsi="http://www.w3.org/2001/XMLSchema-instance" xmlns:xsd="http://www.w3.org/2001/XMLSchema"><soap:Body><soap:Fault><soap:Code><soap:Value>soap:Receiver</soap:Value></soap:Code><soap:Reason><soap:Text xml:lang="en">Server was unable to process request. ---&gt; Object reference not set to an instance of an object.</soap:Text></soap:Reason><soap:Detail /></soap:Fault></soap:Body></soap:Envelope>