<?xml version="1.0" encoding="UTF-8"?>
<evento xmlns="http://www.portalfiscal.inf.br/nfe" versao="1.00"><infEvento Id="ID1101103511031029073900013955001000000001105112804210"><cOrgao>35</cOrgao><tpAmb>2</tpAmb><CNPJ>34261131000144</CNPJ><chNFe>35110310290739000139550010000000011051128041</chNFe><dhEvento>2011-08-03T12:58:00</dhEvento><tpEvento>110110</tpEvento><nSeqEvento>1</nSeqEvento><verEvento>1.00</verEvento><detEvento versao="1.00"><descEvento>Carta de Correcao</descEvento><xCorrecao>Digite aqui a Correcao a ser considerada, texto livre de 15 a 1000 caracteres. A correcao mais recente substitui as anteriores.</xCorrecao><xCondUso>A Carta de Correcao e disciplinada pelo 1-A do art. 7 do Convenio S/N, de 15 de dezembro de 1970 e pode ser utilizada para regularizacao de erro ocorrido na emissao de documento fiscal, desde que o erro nao esteja relacionado com: I - as variaveis que determinam o valor do imposto tais como: base de calculo, aliquota, diferenca de preco, quantidade, valor da operacao ou da prestacao; II - a correcao de dados cadastrais que implique mudanca do remetente ou do destinatario; III - a data de emissao ou de saida.</xCondUso></detEvento></infEvento></evento>
