<evento xmlns="http://www.portalfiscal.inf.br/nfe" versao="1.00"><infEvento Id="ID1101103511031029073900013955001000000001105112804210"><cOrgao>35</cOrgao><tpAmb>2</tpAmb><CNPJ>34261131000144</CNPJ><chNFe>35110310290739000139550010000000011051128041</chNFe><dhEvento>2015-11-25T12:01:02-03:00</dhEvento><tpEvento>111500</tpEvento><nSeqEvento>1</nSeqEvento><verEvento>1.00</verEvento><detEvento versao="1.00"><descEvento>Pedido de Prorrogacao</descEvento><nProt>1</nProt><itemPedido numItem="1"><qtdeItem>1</qtdeItem></itemPedido></detEvento></infEvento></evento>
