<retEnvEvento versao='1.00' xmlns='http://www.portalfiscal.inf.br/nfe' xmlns:ns2='http://www.w3.org/2000/09/xmldsig#'><idLote>2600</idLote><tpAmb>1</tpAmb><verAplic>GO2.0</verAplic><cOrgao>52</cOrgao><cStat>128</cStat><xMotivo>Lote de Evento Processado</xMotivo><retEvento versao='1.00'><infEvento><tpAmb>1</tpAmb><verAplic>GO2.0</verAplic><cOrgao>52</cOrgao><cStat>573</cStat><xMotivo>Rejeicao: Duplicidade de evento</xMotivo><chNFe>52120436832111000101550050000020381423685507</chNFe><tpEvento>110110</tpEvento><nSeqEvento>1</nSeqEvento><dhRegEvento>2012-06-14T09:37:42-03:00</dhRegEvento></infEvento></retEvento></retEnvEvento>