<?xml version="1.0" encoding="utf-8"?><soap12:Envelope xmlns:xsi="http://www.w3.org/2001/XMLSchema-instance" xmlns:xsd="http://www.w3.org/2001/XMLSchema" xmlns:soap12="http://www.w3.org/2003/05/soap-envelope"><soap12:Header><nfeCabecMsg xmlns="http://www.portalfiscal.inf.br/nfe/wsdl/NfeStatusServico2"><cUF>29</cUF><versaoDados>3.10</versaoDados></nfeCabecMsg></soap12:Header><soap12:Body><nfeDadosMsg xmlns="http://www.portalfiscal.inf.br/nfe/wsdl/NfeStatusServico2"><consStatServ xmlns="http://www.portalfiscal.inf.br/nfe" versao="3.10"><tpAmb>2</tpAmb><cUF>29</cUF><xServ>STATUS</xServ></consStatServ></nfeDadosMsg></soap12:Body></soap12:Envelope>
<?xml version="1.0" encoding="utf-8"?><soap:Envelope xmlns:soap="http://www.w3.org/2003/05/soap-envelope" xmlns:xsi="http://www.w3.org/2001/XMLSchema-instance" xmlns:xsd="http://www.w3.org/2001/XMLSchema"><soap:Header><nfeCabecMsg xmlns="http://www.portalfiscal.inf.br/nfe/wsdl/NfeStatusServico2"><cUF>29</cUF><versaoDados>3.10</versaoDados></nfeCabecMsg></soap:Header><soap:Body><nfeStatusServicoNF2Result xmlns="http://www.portalfiscal.inf.br/nfe/wsdl/NfeStatusServico2"><retConsStatServ versao="3.10" xmlns="http://www.portalfiscal.inf.br/nfe"><tpAmb>2</tpAmb><verAplic>SVRSnfce201411141702</verAplic><cStat>107</cStat><xMotivo>Servico em Operacao</xMotivo><cUF>29</cUF><dhRecbto>2015-05-20T09:38:00-03:00</dhRecbto><tMed>1</tMed></retConsStatServ></nfeStatusServicoNF2Result></soap:Body></soap:Envelope>