<?xml version="1.0" encoding="UTF-8"?>
<NFe xmlns="http://www.portalfiscal.inf.br/nfe"><infNFe versao="3.10" Id="NFe29140234261131000144550011234567891363887499"><ide><cUF>29</cUF><cNF>36388749</cNF><natOp>5101</natOp><indPag>0</indPag><mod>55</mod><serie>1</serie><nNF>123456789</nNF><dhEmi>2014-02-01T18:00:00-03:00</dhEmi><dhSaiEnt>2014-02-01T18:00:00-03:00</dhSaiEnt><tpNF>1</tpNF><idDest>1</idDest><cMunFG>2927408</cMunFG><tpImp>1</tpImp><tpEmis>1</tpEmis><cDV>9</cDV><tpAmb>2</tpAmb><finNFe>1</finNFe><indFinal>0</indFinal><indPres>1</indPres><procEmi>3</procEmi><verProc>TESTE 1.0.12</verProc></ide><emit><CNPJ>34261131000144</CNPJ><xNome>NF-E EMITIDA EM AMBIENTE DE HOMOLOGACAO - SEM VALOR FISCAL</xNome><xFant>TKS</xFant><enderEmit><xLgr>Rua Padre Casemiro Quiroga</xLgr><nro>236</nro><xCpl>Loja D Centro Comercial do Imbui</xCpl><xBairro>Imbui</xBairro><cMun>2927408</cMun><xMun>Salvador</xMun><UF>BA</UF><CEP>41720400</CEP><cPais>1058</cPais><xPais>BRASIL</xPais><fone>7133711818</fone></enderEmit><IE>26858614</IE><IM>07440600133</IM><CNAE>6201500</CNAE><CRT>2</CRT></emit><dest><CNPJ>34261131000144</CNPJ><xNome>NF-E EMITIDA EM AMBIENTE DE HOMOLOGACAO - SEM VALOR FISCAL</xNome><enderDest><xLgr>Av. Jorge Amado</xLgr><nro>270</nro><xCpl>Cond. Moradas do Parque 1</xCpl><xBairro>Imbui</xBairro><cMun>2927408</cMun><xMun>Salvador</xMun><UF>BA</UF><CEP>41720050</CEP><cPais>1058</cPais><xPais>BRASIL</xPais><fone>7191991752</fone></enderDest><indIEDest>1</indIEDest><IE>26858614</IE><email>tks@igara.com.br</email></dest><retirada><CNPJ>34261131000144</CNPJ><xLgr>Rua Padre Casemiro Quiroga</xLgr><nro>236</nro><xCpl>Loja D CCi</xCpl><xBairro>Imbui</xBairro><cMun>2927408</cMun><xMun>Salvador</xMun><UF>BA</UF></retirada><entrega><CNPJ>34261131000144</CNPJ><xLgr>Rua Padre Casemiro Quiroga</xLgr><nro>236</nro><xCpl>Loja D CCi</xCpl><xBairro>Imbui</xBairro><cMun>2927408</cMun><xMun>Salvador</xMun><UF>BA</UF></entrega><det nItem="1"><prod><cProd>123</cProd><cEAN>9788575021712</cEAN><xProd>Produto Teste</xProd><NCM>20212525</NCM><CEST>0100100</CEST><CFOP>5101</CFOP><uCom>Kg</uCom><qCom>1.0000</qCom><vUnCom>10.0000</vUnCom><vProd>10.00</vProd><cEANTrib>7890552036199</cEANTrib><uTrib>Kg</uTrib><qTrib>1.0000</qTrib><vUnTrib>10.0000</vUnTrib><vFrete>1</vFrete><vSeg>2</vSeg><vDesc>3</vDesc><vOutro>4</vOutro><indTot>1</indTot><nFCI>B01F70AF-10BF-4B1F-848C-65FF57F616FE</nFCI></prod><imposto><ICMS><ICMS00><orig>0</orig><CST>00</CST><modBC>3</modBC><vBC>10.00</vBC><pICMS>17.00</pICMS><vICMS>1.70</vICMS></ICMS00></ICMS><IPI><clEnq>ipi</clEnq><CNPJProd>34261131000144</CNPJProd><cSelo>seloipi</cSelo><qSelo>25</qSelo><IPITrib><CST>49</CST><vBC>10.00</vBC><pIPI>10</pIPI><vIPI>0.00</vIPI></IPITrib></IPI><II><vBC>15</vBC><vDespAdu>15</vDespAdu><vII>0</vII><vIOF>15</vIOF></II><PIS><PISAliq><CST>01</CST><vBC>10.00</vBC><pPIS>1.00</pPIS><vPIS>0.10</vPIS></PISAliq></PIS><PISST><vBC>10.00</vBC><pPIS>2.00</pPIS><vPIS>0.20</vPIS></PISST><COFINS><COFINSAliq><CST>01</CST><vBC>10.00</vBC><pCOFINS>3.00</pCOFINS><vCOFINS>0.30</vCOFINS></COFINSAliq></COFINS><COFINSST><vBC>10.00</vBC><pCOFINS>4.00</pCOFINS><vCOFINS>0.40</vCOFINS></COFINSST><ICMSUFDest><vBCUFDest>7.00</vBCUFDest><pFCPUFDest>1.00</pFCPUFDest><pICMSUFDest>1.00</pICMSUFDest><pICMSInter>1.00</pICMSInter><pICMSInterPart>1.00</pICMSInterPart><vFCPUFDest>1.00</vFCPUFDest><vICMSUFDest>1.00</vICMSUFDest><vICMSUFRemet>1.00</vICMSUFRemet></ICMSUFDest></imposto><impostoDevol><pDevol>10</pDevol><IPI><vIPIDevol>0</vIPIDevol></IPI></impostoDevol></det><total><ICMSTot><vBC>10.00</vBC><vICMS>1.70</vICMS><vICMSDeson>10.00</vICMSDeson><vFCPUFDest>0.00</vFCPUFDest><vICMSUFDest>0.00</vICMSUFDest><vICMSUFRemet>0.00</vICMSUFRemet><vBCST>0.00</vBCST><vST>0.00</vST><vProd>10.00</vProd><vFrete>1.00</vFrete><vSeg>2.00</vSeg><vDesc>3.00</vDesc><vII>0.00</vII><vIPI>0.00</vIPI><vPIS>0.10</vPIS><vCOFINS>0.30</vCOFINS><vOutro>4.00</vOutro><vNF>14.00</vNF><vTotTrib>500.00</vTotTrib></ICMSTot></total><transp><modFrete>1</modFrete><transporta><CNPJ>04503338000206</CNPJ><xNome>MG Transporte Rodoviario de Carga Ltda</xNome><IE>64101730</IE><xEnder>Rua Abrantes 365</xEnder><xMun>Camacari</xMun><UF>BA</UF></transporta><veicTransp><placa>JOH4953</placa><UF>BA</UF></veicTransp></transp><cobr><fat><nFat>12</nFat><vOrig>10.00</vOrig><vLiq>10.00</vLiq></fat><dup><nDup>1</nDup><dVenc>2013-08-01</dVenc><vDup>120</vDup></dup><dup><nDup>1</nDup><dVenc>2013-08-01</dVenc><vDup>120</vDup></dup><dup><nDup>1</nDup><dVenc>2013-08-01</dVenc><vDup>120</vDup></dup></cobr><pag><tPag>04</tPag><vPag>100</vPag><card><CNPJ>34261131000144</CNPJ><tBand>01</tBand><cAut>9874563210</cAut></card></pag><pag><tPag>04</tPag><vPag>100</vPag><card><CNPJ>34261131000144</CNPJ><tBand>01</tBand><cAut>9874563210</cAut></card></pag><pag><tPag>04</tPag><vPag>100</vPag><card><CNPJ>34261131000144</CNPJ><tBand>01</tBand><cAut>9874563210</cAut></card></pag><infAdic><infAdFisco>Nota Fiscal Eletronica gerada a partir do sistema TKS de geracao de NF-e</infAdFisco><infCpl>Nota Fiscal Eletronica gerada a partir do sistema TKS de geracao de NF-e</infCpl></infAdic></infNFe><infNFeSupl><qrCode>&lt;![CDATA[https//www.sefaz.rs.gov.br/NFCE/NFCE-COM.aspx?chNFe=29140234261131000144550011234567891363887499&amp;nVersao=3.10&amp;tpAmb=2&amp;cDest=34261131000144&amp;dhEmi=01/02/2014 180000&amp;vNF=14.00&amp;vICMS1.70&amp;digVal3453245&amp;cIdToken=4325435&amp;cHashQRCode=436fg64tr]]&gt;</qrCode></infNFeSupl></NFe>
