<?xml version="1.0" encoding="utf-8"?><NFe xmlns="http://www.portalfiscal.inf.br/nfe" xmlns:ds="http://www.w3.org/2000/09/xmldsig#" xmlns:xsi="http://www.w3.org/2001/XMLSchema-instance"><infNFe Id="NFe29080334261131000144550010000000103638874924" versao="1.10"><ide><cUF>29</cUF><cNF>363887492</cNF><natOp>5101</natOp><indPag>0</indPag><mod>55</mod><serie>1</serie><nNF>10</nNF><dEmi>2008-03-27</dEmi><dSaiEnt>2008-03-27</dSaiEnt><tpNF>1</tpNF><cMunFG>2927408</cMunFG><NFref><refNF><cUF>29</cUF><AAMM>2008</AAMM><serie>1</serie><nNF>10</nNF></refNF></NFref><tpImp>1</tpImp><tpEmis>1</tpEmis><cDV>5</cDV><tpAmb>2</tpAmb><finNFe>1</finNFe><procEmi>3</procEmi><verProc>1.0.12</verProc></ide><emit><CNPJ>34261131000144</CNPJ><xNome>TKS Comercio e Servicos de Telefonia</xNome><xFant>TKS</xFant><enderEmit><xLgr>Rua Padre Casemiro Quiroga</xLgr><nro>236</nro><xCpl>Loja D Centro Comercial do Imbui</xCpl><xBairro>Imbui</xBairro><cMun>2927408</cMun><xMun>Salvador</xMun><UF>BA</UF><CEP>41720400</CEP><cPais>1058</cPais><xPais>BRASIL</xPais><fone>7133711818</fone></enderEmit><IE>26858614</IE><IEST>36858614</IEST><IM>07440600133</IM><CNAE>6201500</CNAE></emit><dest><CPF>80910912572</CPF><xNome>Victory Fernandes</xNome><enderDest><xLgr>Av. Jorge Amado</xLgr><nro>270</nro><xCpl>Cond. Moradas do Parque 1</xCpl><xBairro>Imbui</xBairro><cMun>2927408</cMun><xMun>Salvador</xMun><UF>BA</UF><CEP>41720050</CEP><cPais>1058</cPais><xPais>BRASIL</xPais><fone>7191991752</fone></enderDest><IE>ISENTO</IE></dest><det nItem="1"><prod><cProd>123</cProd><cEAN>9788575021712</cEAN><xProd>Produto Teste0</xProd><NCM>00010111</NCM><CFOP>5101</CFOP><uCom>Kg</uCom><qCom>1.0000</qCom><vUnCom>10.0000</vUnCom><vProd>10.00</vProd><cEANTrib>7890552036199</cEANTrib><uTrib>Kg</uTrib><qTrib>1.0000</qTrib><vUnTrib>10.0000</vUnTrib><comb><ICMSComb><vICMS>1234</vICMS></ICMSComb></comb></prod><imposto><ICMS><ICMS00><orig>0</orig><CST>00</CST><modBC>3</modBC><vBC>10.00</vBC><pICMS>17.00</pICMS><vICMS>1.70</vICMS></ICMS00></ICMS><IPI><IPITrib><vIPI>4567</vIPI></IPITrib></IPI><PIS><PISAliq><CST>01</CST><vBC>10.00</vBC><pPIS>1.00</pPIS><vPIS>0.10</vPIS></PISAliq></PIS><PISST><vBC>10.00</vBC><pPIS>2.00</pPIS><vPIS>0.20</vPIS></PISST><COFINS><COFINSAliq><CST>01</CST><vBC>10.00</vBC><pCOFINS>3.00</pCOFINS><vCOFINS>0.30</vCOFINS></COFINSAliq></COFINS><COFINSST><vBC>10.00</vBC><pCOFINS>4.00</pCOFINS><vCOFINS>0.40</vCOFINS></COFINSST><ISSQN><vBC>123456</vBC><vAliq/><vISSQN>345567</vISSQN><cMunFG>456678</cMunFG><cListServ>5678</cListServ></ISSQN></imposto></det><det nItem="2"><prod><cProd>456</cProd><cEAN>9788575021713</cEAN><xProd>Produto Teste1</xProd><NCM>00011111</NCM><CFOP>5102</CFOP><uCom>Kg</uCom><qCom>2.0000</qCom><vUnCom>20.0000</vUnCom><vProd>20.00</vProd><cEANTrib>7890552036200</cEANTrib><uTrib>Kg</uTrib><qTrib>2.0000</qTrib><vUnTrib>20.0000</vUnTrib><comb><ICMSComb><vICMS>1235</vICMS></ICMSComb></comb></prod><imposto><ICMS><ICMS00><orig>0</orig><CST>10</CST><modBC>4</modBC><vBC>20.00</vBC><pICMS>18.00</pICMS><vICMS>1.80</vICMS></ICMS00></ICMS><IPI><IPITrib><vIPI>4568</vIPI></IPITrib></IPI><PIS><PISAliq><CST>02</CST><vBC>20.00</vBC><pPIS>2.00</pPIS><vPIS>0.20</vPIS></PISAliq></PIS><PISST><vBC>20.00</vBC><pPIS>3.00</pPIS><vPIS>0.30</vPIS></PISST><COFINS><COFINSAliq><CST>02</CST><vBC>20.00</vBC><pCOFINS>4.00</pCOFINS><vCOFINS>0.40</vCOFINS></COFINSAliq></COFINS><COFINSST><vBC>20.00</vBC><pCOFINS>5.00</pCOFINS><vCOFINS>0.50</vCOFINS></COFINSST><ISSQN><vBC>123457</vBC><vAliq/><vISSQN>345568</vISSQN><cMunFG>456679</cMunFG><cListServ>5679</cListServ></ISSQN></imposto></det><det nItem="3"><prod><cProd>567</cProd><cEAN>9788575021714</cEAN><xProd>Produto Teste2</xProd><NCM>00111111</NCM><CFOP>5103</CFOP><uCom>Kg</uCom><qCom>3.0000</qCom><vUnCom>30.0000</vUnCom><vProd>30.00</vProd><cEANTrib>7890552036201</cEANTrib><uTrib>Kg</uTrib><qTrib>3.0000</qTrib><vUnTrib>30.0000</vUnTrib><comb><ICMSComb><vICMS>1236</vICMS></ICMSComb></comb></prod><imposto><ICMS><ICMS00><orig>0</orig><CST>20</CST><modBC>5</modBC><vBC>30.00</vBC><pICMS>19.00</pICMS><vICMS>1.90</vICMS></ICMS00></ICMS><IPI><IPITrib><vIPI>4569</vIPI></IPITrib></IPI><PIS><PISAliq><CST>03</CST><vBC>30.00</vBC><pPIS>3.00</pPIS><vPIS>0.30</vPIS></PISAliq></PIS><PISST><vBC>30.00</vBC><pPIS>4.00</pPIS><vPIS>0.40</vPIS></PISST><COFINS><COFINSAliq><CST>03</CST><vBC>30.00</vBC><pCOFINS>5.00</pCOFINS><vCOFINS>0.50</vCOFINS></COFINSAliq></COFINS><COFINSST><vBC>30.00</vBC><pCOFINS>6.00</pCOFINS><vCOFINS>0.60</vCOFINS></COFINSST><ISSQN><vBC>123458</vBC><vAliq/><vISSQN>345569</vISSQN><cMunFG>456680</cMunFG><cListServ>5680</cListServ></ISSQN></imposto></det><total><ICMSTot><vBC>10.00</vBC><vICMS>1.70</vICMS><vBCST>20.00</vBCST><vST>30.00</vST><vProd>40.00</vProd><vFrete>50.00</vFrete><vSeg>60.00</vSeg><vDesc>70.00</vDesc><vII>80.00</vII><vIPI>90.00</vIPI><vPIS>100.10</vPIS><vCOFINS>0.30</vCOFINS><vOutro>110.00</vOutro><vNF>120.00</vNF></ICMSTot></total><transp><modFrete>1</modFrete><transporta><CNPJ>04503338000206</CNPJ><xNome>MG Transporte Rodoviario de Carga Ltda</xNome><IE>64101730</IE><xEnder>Rua Abrantes 365</xEnder><xMun>Camacari</xMun><UF>BA</UF></transporta><veicTransp><placa>JOH4953</placa><UF>BA</UF></veicTransp><vol><qVol>123</qVol><esp>345</esp><marca>456</marca><nVol>567</nVol><pesoL>678</pesoL><pesoB>789</pesoB><lacres/></vol></transp><cobr><fat><nFat>12</nFat><vOrig>10.00</vOrig><vLiq>10.00</vLiq></fat><dup><nDup>13</nDup><dVenc>2008-04-10</dVenc><vDup>10.00</vDup></dup></cobr><infAdic><infAdFisco>Nota Fiscal Eletronica gerada a partir do sistema TKS de geracao de NF-e</infAdFisco><infCpl>Nota Fiscal Eletronica gerada a partir do sistema TKS de geracao de NF-e</infCpl><procRef/></infAdic></infNFe></NFe>