<evento xmlns="http://www.portalfiscal.inf.br/nfe" versao="1.00"><infEvento Id="ID1101103511031029073900013955001000000001105112804210"><cOrgao>35</cOrgao><tpAmb>1</tpAmb><CNPJ>34261131000144</CNPJ><chNFe>35110310290739000139550010000000011051128041</chNFe><dhEvento>2015-11-30T16:03:00-03:00</dhEvento><tpEvento>411500</tpEvento><nSeqEvento>1</nSeqEvento><verEvento>1.00</verEvento><detEvento versao="1.00"><descEvento>Fisco - Prorrogacao ICMS remessa para industrializacao</descEvento><idPedido>1</idPedido><respPedido><statPrazo>1</statPrazo><itemPedido numItem="1"><statPedido>1</statPedido><justStaOutra>Justificativa diferente das opcoes disponiveis no campo P25</justStaOutra></itemPedido></respPedido><respCancPedido><statCancPedido>1</statCancPedido><justStatus>1</justStatus><justStaOutra>1</justStaOutra></respCancPedido></detEvento></infEvento></evento>
